INSERT INTO departments(id, "name", updated_at)
VALUES
(1,'ANCASH', CURRENT_TIMESTAMP),
(2,'AREQUIPA', CURRENT_TIMESTAMP),
(3,'CALLAO', CURRENT_TIMESTAMP),
(4,'HUANUCO', CURRENT_TIMESTAMP),
(5,'ICA', CURRENT_TIMESTAMP),
(6,'LA LIBERTAD', CURRENT_TIMESTAMP),
(7,'LAMBAYEQUE', CURRENT_TIMESTAMP),
(8,'LIMA', CURRENT_TIMESTAMP),
(9,'MOQUEGUA', CURRENT_TIMESTAMP),
(10,'PIURA', CURRENT_TIMESTAMP),
(11,'PUNO', CURRENT_TIMESTAMP),
(12,'TUMBES', CURRENT_TIMESTAMP)
;

INSERT INTO provinces(id, departments_id, "name", updated_at)
VALUES
(1, 1, 'AIJA', CURRENT_TIMESTAMP),
(2, 1, 'ANTONIO RAYMONDI', CURRENT_TIMESTAMP),
(3, 1, 'ASUNCION', CURRENT_TIMESTAMP),
(4, 1, 'BOLOGNESI', CURRENT_TIMESTAMP),
(5, 1, 'CARHUAZ', CURRENT_TIMESTAMP),
(6, 1, 'CARLOS FERMIN FITZCARRALD', CURRENT_TIMESTAMP),
(7, 1, 'CASMA', CURRENT_TIMESTAMP),
(8, 1, 'CORONGO', CURRENT_TIMESTAMP),
(9, 1, 'HUARAZ', CURRENT_TIMESTAMP),
(10, 1, 'HUARI', CURRENT_TIMESTAMP),
(11, 1, 'HUARMEY', CURRENT_TIMESTAMP),
(12, 1, 'HUAYLAS', CURRENT_TIMESTAMP),
(13, 1, 'MARISCAL LUZURIAGA', CURRENT_TIMESTAMP),
(14, 1, 'OCROS', CURRENT_TIMESTAMP),
(15, 1, 'PALLASCA', CURRENT_TIMESTAMP),
(16, 1, 'POMABAMBA', CURRENT_TIMESTAMP),
(17, 1, 'RECUAY', CURRENT_TIMESTAMP),
(18, 1, 'SANTA', CURRENT_TIMESTAMP),
(19, 1, 'SIHUAS', CURRENT_TIMESTAMP),
(20, 1, 'YUNGAY', CURRENT_TIMESTAMP),
(21, 2, 'AREQUIPA', CURRENT_TIMESTAMP),
(22, 2, 'CAMANA', CURRENT_TIMESTAMP),
(23, 2, 'CARAVELI', CURRENT_TIMESTAMP),
(24, 2, 'CASTILLA', CURRENT_TIMESTAMP),
(25, 2, 'CAYLLOMA', CURRENT_TIMESTAMP),
(26, 2, 'CONDESUYOS', CURRENT_TIMESTAMP),
(27, 2, 'ISLAY', CURRENT_TIMESTAMP),
(28, 2, 'LA UNION', CURRENT_TIMESTAMP),
(29, 3, 'CALLAO', CURRENT_TIMESTAMP),
(30, 4, 'AMBO', CURRENT_TIMESTAMP),
(31, 4, 'DOS DE MAYO', CURRENT_TIMESTAMP),
(32, 4, 'HUACAYBAMBA', CURRENT_TIMESTAMP),
(33, 4, 'HUAMALIES', CURRENT_TIMESTAMP),
(34, 4, 'HUANUCO', CURRENT_TIMESTAMP),
(35, 4, 'LAURICOCHA', CURRENT_TIMESTAMP),
(36, 4, 'LEONCIO PRADO', CURRENT_TIMESTAMP),
(37, 4, 'MARAÑON', CURRENT_TIMESTAMP),
(38, 4, 'PACHITEA', CURRENT_TIMESTAMP),
(39, 4, 'PUERTO INCA', CURRENT_TIMESTAMP),
(40, 4, 'YAROWILCA', CURRENT_TIMESTAMP),
(41, 5, 'CHINCHA', CURRENT_TIMESTAMP),
(42, 5, 'ICA', CURRENT_TIMESTAMP),
(43, 5, 'NAZCA', CURRENT_TIMESTAMP),
(44, 5, 'PALPA', CURRENT_TIMESTAMP),
(45, 5, 'PISCO', CURRENT_TIMESTAMP),
(46, 6, 'ASCOPE', CURRENT_TIMESTAMP),
(47, 6, 'BOLIVAR', CURRENT_TIMESTAMP),
(48, 6, 'CHEPEN', CURRENT_TIMESTAMP),
(49, 6, 'GRAN CHIMU', CURRENT_TIMESTAMP),
(50, 6, 'JULCAN', CURRENT_TIMESTAMP),
(51, 6, 'OTUZCO', CURRENT_TIMESTAMP),
(52, 6, 'PACASMAYO', CURRENT_TIMESTAMP),
(53, 6, 'PATAZ', CURRENT_TIMESTAMP),
(54, 6, 'SANCHEZ CARRION', CURRENT_TIMESTAMP),
(55, 6, 'SANTIAGO DE CHUCO', CURRENT_TIMESTAMP),
(56, 6, 'TRUJILLO', CURRENT_TIMESTAMP),
(57, 6, 'VIRU', CURRENT_TIMESTAMP),
(58, 7, 'CHICLAYO', CURRENT_TIMESTAMP),
(59, 7, 'FERREÑAFE', CURRENT_TIMESTAMP),
(60, 7, 'LAMBAYEQUE', CURRENT_TIMESTAMP),
(61, 8, 'BARRANCA', CURRENT_TIMESTAMP),
(62, 8, 'CAJATAMBO', CURRENT_TIMESTAMP),
(63, 8, 'CANTA', CURRENT_TIMESTAMP),
(64, 8, 'CAÑETE', CURRENT_TIMESTAMP),
(65, 8, 'HUARAL', CURRENT_TIMESTAMP),
(66, 8, 'HUAROCHIRI', CURRENT_TIMESTAMP),
(67, 8, 'HUAURA', CURRENT_TIMESTAMP),
(68, 8, 'LIMA', CURRENT_TIMESTAMP),
(69, 8, 'OYON', CURRENT_TIMESTAMP),
(70, 8, 'YAUYOS', CURRENT_TIMESTAMP),
(71, 9, 'GENERAL SANCHEZ CERRO', CURRENT_TIMESTAMP),
(72, 9, 'ILO', CURRENT_TIMESTAMP),
(73, 9, 'MARISCAL NIETO', CURRENT_TIMESTAMP),
(74, 10, 'AYABACA', CURRENT_TIMESTAMP),
(75, 10, 'HUANCABAMBA', CURRENT_TIMESTAMP),
(76, 10, 'MORROPON', CURRENT_TIMESTAMP),
(77, 10, 'PAITA', CURRENT_TIMESTAMP),
(78, 10, 'PIURA', CURRENT_TIMESTAMP),
(79, 10, 'SECHURA', CURRENT_TIMESTAMP),
(80, 10, 'SULLANA', CURRENT_TIMESTAMP),
(81, 10, 'TALARA', CURRENT_TIMESTAMP),
(82, 11, 'AZANGARO', CURRENT_TIMESTAMP),
(83, 11, 'CARABAYA', CURRENT_TIMESTAMP),
(84, 11, 'CHUCUITO', CURRENT_TIMESTAMP),
(85, 11, 'EL COLLAO', CURRENT_TIMESTAMP),
(86, 11, 'HUANCANE', CURRENT_TIMESTAMP),
(87, 11, 'LAMPA', CURRENT_TIMESTAMP),
(88, 11, 'MELGAR', CURRENT_TIMESTAMP),
(89, 11, 'MOHO', CURRENT_TIMESTAMP),
(90, 11, 'PUNO', CURRENT_TIMESTAMP),
(91, 11, 'SAN ANTONIO DE PUTINA', CURRENT_TIMESTAMP),
(92, 11, 'SAN ROMAN', CURRENT_TIMESTAMP),
(93, 11, 'SANDIA', CURRENT_TIMESTAMP),
(94, 11, 'YUNGUYO', CURRENT_TIMESTAMP),
(95, 12, 'CONTRALMIRANTE VILLAR', CURRENT_TIMESTAMP),
(96, 12, 'TUMBES', CURRENT_TIMESTAMP),
(97, 12, 'ZARUMILLA', CURRENT_TIMESTAMP)
;

INSERT INTO public.districts(id, provinces_id, "name", updated_at)
VALUES
(1, 1, 'AIJA', CURRENT_TIMESTAMP),
(2, 1, 'CORIS', CURRENT_TIMESTAMP),
(3, 1, 'HUACLLAN', CURRENT_TIMESTAMP),
(4, 1, 'LA MERCED', CURRENT_TIMESTAMP),
(5, 1, 'SUCCHA', CURRENT_TIMESTAMP),
(6, 2, 'ACZO', CURRENT_TIMESTAMP),
(7, 2, 'CHACCHO', CURRENT_TIMESTAMP),
(8, 2, 'CHINGAS', CURRENT_TIMESTAMP),
(9, 2, 'LLAMELLIN', CURRENT_TIMESTAMP),
(10, 2, 'MIRGAS', CURRENT_TIMESTAMP),
(11, 2, 'SAN JUAN DE RONTOY', CURRENT_TIMESTAMP),
(12, 3, 'ACOCHACA', CURRENT_TIMESTAMP),
(13, 3, 'CHACAS', CURRENT_TIMESTAMP),
(14, 4, 'ABELARDO PARDO LEZAMETA', CURRENT_TIMESTAMP),
(15, 4, 'ANTONIO RAYMONDI', CURRENT_TIMESTAMP),
(16, 4, 'AQUIA', CURRENT_TIMESTAMP),
(17, 4, 'CAJACAY', CURRENT_TIMESTAMP),
(18, 4, 'CANIS', CURRENT_TIMESTAMP),
(19, 4, 'CHIQUIAN', CURRENT_TIMESTAMP),
(20, 4, 'COLQUIOC', CURRENT_TIMESTAMP),
(21, 4, 'HUALLANCA', CURRENT_TIMESTAMP),
(22, 4, 'HUASTA', CURRENT_TIMESTAMP),
(23, 4, 'HUAYLLACAYAN', CURRENT_TIMESTAMP),
(24, 4, 'LA PRIMAVERA', CURRENT_TIMESTAMP),
(25, 4, 'MANGAS', CURRENT_TIMESTAMP),
(26, 4, 'PACLLON', CURRENT_TIMESTAMP),
(27, 4, 'SAN MIGUEL DE CORPANQUI', CURRENT_TIMESTAMP),
(28, 4, 'TICLLOS', CURRENT_TIMESTAMP),
(29, 5, 'ACOPAMPA', CURRENT_TIMESTAMP),
(30, 5, 'AMASHCA', CURRENT_TIMESTAMP),
(31, 5, 'ANTA', CURRENT_TIMESTAMP),
(32, 5, 'ATAQUERO', CURRENT_TIMESTAMP),
(33, 5, 'CARHUAZ', CURRENT_TIMESTAMP),
(34, 5, 'MARCARA', CURRENT_TIMESTAMP),
(35, 5, 'PARIAHUANCA', CURRENT_TIMESTAMP),
(36, 5, 'SAN MIGUEL DE ACO', CURRENT_TIMESTAMP),
(37, 5, 'SHILLA', CURRENT_TIMESTAMP),
(38, 5, 'TINCO', CURRENT_TIMESTAMP),
(39, 5, 'YUNGAR', CURRENT_TIMESTAMP),
(40, 6, 'SAN LUIS', CURRENT_TIMESTAMP),
(41, 6, 'SAN NICOLAS', CURRENT_TIMESTAMP),
(42, 6, 'YAUYA', CURRENT_TIMESTAMP),
(43, 7, 'BUENA VISTA ALTA', CURRENT_TIMESTAMP),
(44, 7, 'CASMA', CURRENT_TIMESTAMP),
(45, 7, 'COMANDANTE NOEL', CURRENT_TIMESTAMP),
(46, 7, 'YAUTAN', CURRENT_TIMESTAMP),
(47, 8, 'ACO', CURRENT_TIMESTAMP),
(48, 8, 'BAMBAS', CURRENT_TIMESTAMP),
(49, 8, 'CORONGO', CURRENT_TIMESTAMP),
(50, 8, 'CUSCA', CURRENT_TIMESTAMP),
(51, 8, 'LA PAMPA', CURRENT_TIMESTAMP),
(52, 8, 'YANAC', CURRENT_TIMESTAMP),
(53, 8, 'YUPAN', CURRENT_TIMESTAMP),
(54, 9, 'COCHABAMBA', CURRENT_TIMESTAMP),
(55, 9, 'COLCABAMBA', CURRENT_TIMESTAMP),
(56, 9, 'HUANCHAY', CURRENT_TIMESTAMP),
(57, 9, 'HUARAZ', CURRENT_TIMESTAMP),
(58, 9, 'INDEPENDENCIA', CURRENT_TIMESTAMP),
(59, 9, 'JANGAS', CURRENT_TIMESTAMP),
(60, 9, 'LA LIBERTAD', CURRENT_TIMESTAMP),
(61, 9, 'OLLEROS', CURRENT_TIMESTAMP),
(62, 9, 'PAMPAS', CURRENT_TIMESTAMP),
(63, 9, 'PARIACOTO', CURRENT_TIMESTAMP),
(64, 9, 'PIRA', CURRENT_TIMESTAMP),
(65, 9, 'TARICA', CURRENT_TIMESTAMP),
(66, 10, 'ANRA', CURRENT_TIMESTAMP),
(67, 10, 'CAJAY', CURRENT_TIMESTAMP),
(68, 10, 'CHAVIN DE HUANTAR', CURRENT_TIMESTAMP),
(69, 10, 'HUACACHI', CURRENT_TIMESTAMP),
(70, 10, 'HUACCHIS', CURRENT_TIMESTAMP),
(71, 10, 'HUACHIS', CURRENT_TIMESTAMP),
(72, 10, 'HUANTAR', CURRENT_TIMESTAMP),
(73, 10, 'HUARI', CURRENT_TIMESTAMP),
(74, 10, 'MASIN', CURRENT_TIMESTAMP),
(75, 10, 'PAUCAS', CURRENT_TIMESTAMP),
(76, 10, 'PONTO', CURRENT_TIMESTAMP),
(77, 10, 'RAHUAPAMPA', CURRENT_TIMESTAMP),
(78, 10, 'RAPAYAN', CURRENT_TIMESTAMP),
(79, 10, 'SAN MARCOS', CURRENT_TIMESTAMP),
(80, 10, 'SAN PEDRO DE CHANA', CURRENT_TIMESTAMP),
(81, 10, 'UCO', CURRENT_TIMESTAMP),
(82, 11, 'COCHAPETI', CURRENT_TIMESTAMP),
(83, 11, 'CULEBRAS', CURRENT_TIMESTAMP),
(84, 11, 'HUARMEY', CURRENT_TIMESTAMP),
(85, 11, 'HUAYAN', CURRENT_TIMESTAMP),
(86, 11, 'MALVAS', CURRENT_TIMESTAMP),
(87, 12, 'CARAZ', CURRENT_TIMESTAMP),
(88, 12, 'HUALLANCA', CURRENT_TIMESTAMP),
(89, 12, 'HUATA', CURRENT_TIMESTAMP),
(90, 12, 'HUAYLAS', CURRENT_TIMESTAMP),
(91, 12, 'MATO', CURRENT_TIMESTAMP),
(92, 12, 'PAMPAROMAS', CURRENT_TIMESTAMP),
(93, 12, 'PUEBLO LIBRE  / 1 ', CURRENT_TIMESTAMP),
(94, 12, 'SANTA CRUZ', CURRENT_TIMESTAMP),
(95, 12, 'SANTO TORIBIO', CURRENT_TIMESTAMP),
(96, 12, 'YURACMARCA', CURRENT_TIMESTAMP),
(97, 13, 'CASCA', CURRENT_TIMESTAMP),
(98, 13, 'ELEAZAR GUZMAN BARRON', CURRENT_TIMESTAMP),
(99, 13, 'FIDEL OLIVAS ESCUDERO', CURRENT_TIMESTAMP),
(100, 13, 'LLAMA', CURRENT_TIMESTAMP),
(101, 13, 'LLUMPA', CURRENT_TIMESTAMP),
(102, 13, 'LUCMA', CURRENT_TIMESTAMP),
(103, 13, 'MUSGA', CURRENT_TIMESTAMP),
(104, 13, 'PISCOBAMBA', CURRENT_TIMESTAMP),
(105, 14, 'ACAS', CURRENT_TIMESTAMP),
(106, 14, 'CAJAMARQUILLA', CURRENT_TIMESTAMP),
(107, 14, 'CARHUAPAMPA', CURRENT_TIMESTAMP),
(108, 14, 'COCHAS', CURRENT_TIMESTAMP),
(109, 14, 'CONGAS', CURRENT_TIMESTAMP),
(110, 14, 'LLIPA', CURRENT_TIMESTAMP),
(111, 14, 'OCROS', CURRENT_TIMESTAMP),
(112, 14, 'SAN CRISTOBAL DE RAJAN', CURRENT_TIMESTAMP),
(113, 14, 'SAN PEDRO', CURRENT_TIMESTAMP),
(114, 14, 'SANTIAGO DE CHILCAS', CURRENT_TIMESTAMP),
(115, 15, 'BOLOGNESI', CURRENT_TIMESTAMP),
(116, 15, 'CABANA', CURRENT_TIMESTAMP),
(117, 15, 'CONCHUCOS', CURRENT_TIMESTAMP),
(118, 15, 'HUACASCHUQUE', CURRENT_TIMESTAMP),
(119, 15, 'HUANDOVAL', CURRENT_TIMESTAMP),
(120, 15, 'LACABAMBA', CURRENT_TIMESTAMP),
(121, 15, 'LLAPO', CURRENT_TIMESTAMP),
(122, 15, 'PALLASCA', CURRENT_TIMESTAMP),
(123, 15, 'PAMPAS', CURRENT_TIMESTAMP),
(124, 15, 'SANTA ROSA', CURRENT_TIMESTAMP),
(125, 15, 'TAUCA', CURRENT_TIMESTAMP),
(126, 16, 'HUAYLLAN', CURRENT_TIMESTAMP),
(127, 16, 'PAROBAMBA', CURRENT_TIMESTAMP),
(128, 16, 'POMABAMBA', CURRENT_TIMESTAMP),
(129, 16, 'QUINUABAMBA', CURRENT_TIMESTAMP),
(130, 17, 'CATAC', CURRENT_TIMESTAMP),
(131, 17, 'COTAPARACO', CURRENT_TIMESTAMP),
(132, 17, 'HUAYLLAPAMPA', CURRENT_TIMESTAMP),
(133, 17, 'LLACLLIN', CURRENT_TIMESTAMP),
(134, 17, 'MARCA', CURRENT_TIMESTAMP),
(135, 17, 'PAMPAS CHICO', CURRENT_TIMESTAMP),
(136, 17, 'PARARIN', CURRENT_TIMESTAMP),
(137, 17, 'RECUAY', CURRENT_TIMESTAMP),
(138, 17, 'TAPACOCHA', CURRENT_TIMESTAMP),
(139, 17, 'TICAPAMPA', CURRENT_TIMESTAMP),
(140, 18, 'CACERES DEL PERU', CURRENT_TIMESTAMP),
(141, 18, 'CHIMBOTE', CURRENT_TIMESTAMP),
(142, 18, 'COISHCO', CURRENT_TIMESTAMP),
(143, 18, 'MACATE', CURRENT_TIMESTAMP),
(144, 18, 'MORO', CURRENT_TIMESTAMP),
(145, 18, 'NEPEÑA', CURRENT_TIMESTAMP),
(146, 18, 'NUEVO CHIMBOTE', CURRENT_TIMESTAMP),
(147, 18, 'SAMANCO', CURRENT_TIMESTAMP),
(148, 18, 'SANTA', CURRENT_TIMESTAMP),
(149, 19, 'ACOBAMBA', CURRENT_TIMESTAMP),
(150, 19, 'ALFONSO UGARTE', CURRENT_TIMESTAMP),
(151, 19, 'CASHAPAMPA', CURRENT_TIMESTAMP),
(152, 19, 'CHINGALPO', CURRENT_TIMESTAMP),
(153, 19, 'HUAYLLABAMBA', CURRENT_TIMESTAMP),
(154, 19, 'QUICHES', CURRENT_TIMESTAMP),
(155, 19, 'RAGASH', CURRENT_TIMESTAMP),
(156, 19, 'SAN JUAN', CURRENT_TIMESTAMP),
(157, 19, 'SICSIBAMBA', CURRENT_TIMESTAMP),
(158, 19, 'SIHUAS', CURRENT_TIMESTAMP),
(159, 20, 'CASCAPARA', CURRENT_TIMESTAMP),
(160, 20, 'MANCOS', CURRENT_TIMESTAMP),
(161, 20, 'MATACOTO', CURRENT_TIMESTAMP),
(162, 20, 'QUILLO', CURRENT_TIMESTAMP),
(163, 20, 'RANRAHIRCA', CURRENT_TIMESTAMP),
(164, 20, 'SHUPLUY', CURRENT_TIMESTAMP),
(165, 20, 'YANAMA', CURRENT_TIMESTAMP),
(166, 20, 'YUNGAY', CURRENT_TIMESTAMP),
(167, 21, 'ALTO SELVA ALEGRE', CURRENT_TIMESTAMP),
(168, 21, 'AREQUIPA', CURRENT_TIMESTAMP),
(169, 21, 'CAYMA', CURRENT_TIMESTAMP),
(170, 21, 'CERRO COLORADO', CURRENT_TIMESTAMP),
(171, 21, 'CHARACATO', CURRENT_TIMESTAMP),
(172, 21, 'CHIGUATA', CURRENT_TIMESTAMP),
(173, 21, 'JACOBO HUNTER', CURRENT_TIMESTAMP),
(174, 21, 'JOSE LUIS BUSTAMANTE Y RIVERO', CURRENT_TIMESTAMP),
(175, 21, 'LA JOYA', CURRENT_TIMESTAMP),
(176, 21, 'MARIANO MELGAR', CURRENT_TIMESTAMP),
(177, 21, 'MIRAFLORES', CURRENT_TIMESTAMP),
(178, 21, 'MOLLEBAYA', CURRENT_TIMESTAMP),
(179, 21, 'PAUCARPATA', CURRENT_TIMESTAMP),
(180, 21, 'POCSI', CURRENT_TIMESTAMP),
(181, 21, 'POLOBAYA', CURRENT_TIMESTAMP),
(182, 21, 'QUEQUEÑA', CURRENT_TIMESTAMP),
(183, 21, 'SABANDIA', CURRENT_TIMESTAMP),
(184, 21, 'SACHACA', CURRENT_TIMESTAMP),
(185, 21, 'SAN JUAN DE SIGUAS /1', CURRENT_TIMESTAMP),
(186, 21, 'SAN JUAN DE TARUCANI', CURRENT_TIMESTAMP),
(187, 21, 'SANTA ISABEL DE SIGUAS', CURRENT_TIMESTAMP),
(188, 21, 'SANTA RITA DE SIGUAS', CURRENT_TIMESTAMP),
(189, 21, 'SOCABAYA', CURRENT_TIMESTAMP),
(190, 21, 'TIABAYA', CURRENT_TIMESTAMP),
(191, 21, 'UCHUMAYO', CURRENT_TIMESTAMP),
(192, 21, 'VITOR ', CURRENT_TIMESTAMP),
(193, 21, 'YANAHUARA', CURRENT_TIMESTAMP),
(194, 21, 'YARABAMBA', CURRENT_TIMESTAMP),
(195, 21, 'YURA', CURRENT_TIMESTAMP),
(196, 21, '', CURRENT_TIMESTAMP),
(197, 22, 'CAMANA', CURRENT_TIMESTAMP),
(198, 22, 'JOSE MARIA QUIMPER', CURRENT_TIMESTAMP),
(199, 22, 'MARIANO NICOLAS VALCARCEL', CURRENT_TIMESTAMP),
(200, 22, 'MARISCAL CACERES', CURRENT_TIMESTAMP),
(201, 22, 'NICOLAS DE PIEROLA', CURRENT_TIMESTAMP),
(202, 22, 'OCOÑA', CURRENT_TIMESTAMP),
(203, 22, 'QUILCA', CURRENT_TIMESTAMP),
(204, 22, 'SAMUEL PASTOR', CURRENT_TIMESTAMP),
(205, 23, 'ACARI', CURRENT_TIMESTAMP),
(206, 23, 'ATICO', CURRENT_TIMESTAMP),
(207, 23, 'ATIQUIPA', CURRENT_TIMESTAMP),
(208, 23, 'BELLA UNION', CURRENT_TIMESTAMP),
(209, 23, 'CAHUACHO', CURRENT_TIMESTAMP),
(210, 23, 'CARAVELI', CURRENT_TIMESTAMP),
(211, 23, 'CHALA', CURRENT_TIMESTAMP),
(212, 23, 'CHAPARRA', CURRENT_TIMESTAMP),
(213, 23, 'HUANUHUANU', CURRENT_TIMESTAMP),
(214, 23, 'JAQUI', CURRENT_TIMESTAMP),
(215, 23, 'LOMAS', CURRENT_TIMESTAMP),
(216, 23, 'QUICACHA', CURRENT_TIMESTAMP),
(217, 23, 'YAUCA', CURRENT_TIMESTAMP),
(218, 24, 'ANDAGUA', CURRENT_TIMESTAMP),
(219, 24, 'APLAO', CURRENT_TIMESTAMP),
(220, 24, 'AYO', CURRENT_TIMESTAMP),
(221, 24, 'CHACHAS', CURRENT_TIMESTAMP),
(222, 24, 'CHILCAYMARCA', CURRENT_TIMESTAMP),
(223, 24, 'CHOCO', CURRENT_TIMESTAMP),
(224, 24, 'HUANCARQUI', CURRENT_TIMESTAMP),
(225, 24, 'MACHAGUAY', CURRENT_TIMESTAMP),
(226, 24, 'ORCOPAMPA', CURRENT_TIMESTAMP),
(227, 24, 'PAMPACOLCA', CURRENT_TIMESTAMP),
(228, 24, 'TIPAN', CURRENT_TIMESTAMP),
(229, 24, 'UÑON', CURRENT_TIMESTAMP),
(230, 24, 'URACA', CURRENT_TIMESTAMP),
(231, 24, 'VIRACO', CURRENT_TIMESTAMP),
(232, 25, 'ACHOMA', CURRENT_TIMESTAMP),
(233, 25, 'CABANACONDE', CURRENT_TIMESTAMP),
(234, 25, 'CALLALLI', CURRENT_TIMESTAMP),
(235, 25, 'CAYLLOMA', CURRENT_TIMESTAMP),
(236, 25, 'CHIVAY', CURRENT_TIMESTAMP),
(237, 25, 'COPORAQUE', CURRENT_TIMESTAMP),
(238, 25, 'HUAMBO', CURRENT_TIMESTAMP),
(239, 25, 'HUANCA', CURRENT_TIMESTAMP),
(240, 25, 'ICHUPAMPA', CURRENT_TIMESTAMP),
(241, 25, 'LARI', CURRENT_TIMESTAMP),
(242, 25, 'LLUTA', CURRENT_TIMESTAMP),
(243, 25, 'MACA', CURRENT_TIMESTAMP),
(244, 25, 'MADRIGAL', CURRENT_TIMESTAMP),
(245, 25, 'MAJES', CURRENT_TIMESTAMP),
(246, 25, 'SAN ANTONIO DE CHUCA  2/', CURRENT_TIMESTAMP),
(247, 25, 'SIBAYO', CURRENT_TIMESTAMP),
(248, 25, 'TAPAY', CURRENT_TIMESTAMP),
(249, 25, 'TISCO', CURRENT_TIMESTAMP),
(250, 25, 'TUTI', CURRENT_TIMESTAMP),
(251, 25, 'YANQUE', CURRENT_TIMESTAMP),
(252, 26, 'ANDARAY', CURRENT_TIMESTAMP),
(253, 26, 'CAYARANI', CURRENT_TIMESTAMP),
(254, 26, 'CHICHAS', CURRENT_TIMESTAMP),
(255, 26, 'CHUQUIBAMBA', CURRENT_TIMESTAMP),
(256, 26, 'IRAY', CURRENT_TIMESTAMP),
(257, 26, 'RIO GRANDE', CURRENT_TIMESTAMP),
(258, 26, 'SALAMANCA', CURRENT_TIMESTAMP),
(259, 26, 'YANAQUIHUA', CURRENT_TIMESTAMP),
(260, 27, 'COCACHACRA', CURRENT_TIMESTAMP),
(261, 27, 'DEAN VALDIVIA', CURRENT_TIMESTAMP),
(262, 27, 'ISLAY', CURRENT_TIMESTAMP),
(263, 27, 'MEJIA', CURRENT_TIMESTAMP),
(264, 27, 'MOLLENDO', CURRENT_TIMESTAMP),
(265, 27, 'PUNTA DE BOMBON', CURRENT_TIMESTAMP),
(266, 28, 'ALCA', CURRENT_TIMESTAMP),
(267, 28, 'CHARCANA', CURRENT_TIMESTAMP),
(268, 28, 'COTAHUASI', CURRENT_TIMESTAMP),
(269, 28, 'HUAYNACOTAS', CURRENT_TIMESTAMP),
(270, 28, 'PAMPAMARCA', CURRENT_TIMESTAMP),
(271, 28, 'PUYCA', CURRENT_TIMESTAMP),
(272, 28, 'QUECHUALLA', CURRENT_TIMESTAMP),
(273, 28, 'SAYLA', CURRENT_TIMESTAMP),
(274, 28, 'TAURIA', CURRENT_TIMESTAMP),
(275, 28, 'TOMEPAMPA', CURRENT_TIMESTAMP),
(276, 28, 'TORO', CURRENT_TIMESTAMP),
(277, 29, 'BELLAVISTA', CURRENT_TIMESTAMP),
(278, 29, 'CALLAO', CURRENT_TIMESTAMP),
(279, 29, 'CARMEN DE LA LEGUA REYNOSO', CURRENT_TIMESTAMP),
(280, 29, 'LA PERLA', CURRENT_TIMESTAMP),
(281, 29, 'LA PUNTA', CURRENT_TIMESTAMP),
(282, 29, 'VENTANILLA', CURRENT_TIMESTAMP),
(283, 30, 'AMBO', CURRENT_TIMESTAMP),
(284, 30, 'CAYNA', CURRENT_TIMESTAMP),
(285, 30, 'COLPAS', CURRENT_TIMESTAMP),
(286, 30, 'CONCHAMARCA', CURRENT_TIMESTAMP),
(287, 30, 'HUACAR', CURRENT_TIMESTAMP),
(288, 30, 'SAN FRANCISCO', CURRENT_TIMESTAMP),
(289, 30, 'SAN RAFAEL', CURRENT_TIMESTAMP),
(290, 30, 'TOMAY KICHWA', CURRENT_TIMESTAMP),
(291, 31, 'CHUQUIS', CURRENT_TIMESTAMP),
(292, 31, 'LA UNION', CURRENT_TIMESTAMP),
(293, 31, 'MARIAS', CURRENT_TIMESTAMP),
(294, 31, 'PACHAS', CURRENT_TIMESTAMP),
(295, 31, 'QUIVILLA', CURRENT_TIMESTAMP),
(296, 31, 'RIPAN', CURRENT_TIMESTAMP),
(297, 31, 'SHUNQUI', CURRENT_TIMESTAMP),
(298, 31, 'SILLAPATA', CURRENT_TIMESTAMP),
(299, 31, 'YANAS', CURRENT_TIMESTAMP),
(300, 32, 'CANCHABAMBA', CURRENT_TIMESTAMP),
(301, 32, 'COCHABAMBA', CURRENT_TIMESTAMP),
(302, 32, 'HUACAYBAMBA', CURRENT_TIMESTAMP),
(303, 32, 'PINRA', CURRENT_TIMESTAMP),
(304, 33, 'ARANCAY', CURRENT_TIMESTAMP),
(305, 33, 'CHAVIN DE PARIARCA', CURRENT_TIMESTAMP),
(306, 33, 'JACAS GRANDE', CURRENT_TIMESTAMP),
(307, 33, 'JIRCAN', CURRENT_TIMESTAMP),
(308, 33, 'LLATA', CURRENT_TIMESTAMP),
(309, 33, 'MIRAFLORES', CURRENT_TIMESTAMP),
(310, 33, 'MONZON', CURRENT_TIMESTAMP),
(311, 33, 'PUNCHAO', CURRENT_TIMESTAMP),
(312, 33, 'PUÑOS', CURRENT_TIMESTAMP),
(313, 33, 'SINGA', CURRENT_TIMESTAMP),
(314, 33, 'TANTAMAYO', CURRENT_TIMESTAMP),
(315, 34, 'AMARILIS', CURRENT_TIMESTAMP),
(316, 34, 'CHINCHAO', CURRENT_TIMESTAMP),
(317, 34, 'CHURUBAMBA', CURRENT_TIMESTAMP),
(318, 34, 'HUANUCO', CURRENT_TIMESTAMP),
(319, 34, 'MARGOS', CURRENT_TIMESTAMP),
(320, 34, 'PILLCO MARCA', CURRENT_TIMESTAMP),
(321, 34, 'QUISQUI', CURRENT_TIMESTAMP),
(322, 34, 'SAN FRANCISCO DE CAYRAN', CURRENT_TIMESTAMP),
(323, 34, 'SAN PEDRO DE CHAULAN', CURRENT_TIMESTAMP),
(324, 34, 'SANTA MARIA DEL VALLE', CURRENT_TIMESTAMP),
(325, 34, 'YACUS', CURRENT_TIMESTAMP),
(326, 34, 'YARUMAYO', CURRENT_TIMESTAMP),
(327, 35, 'BAÑOS', CURRENT_TIMESTAMP),
(328, 35, 'JESUS', CURRENT_TIMESTAMP),
(329, 35, 'JIVIA', CURRENT_TIMESTAMP),
(330, 35, 'QUEROPALCA', CURRENT_TIMESTAMP),
(331, 35, 'RONDOS', CURRENT_TIMESTAMP),
(332, 35, 'SAN FRANCISCO DE ASIS', CURRENT_TIMESTAMP),
(333, 35, 'SAN MIGUEL DE CAURI', CURRENT_TIMESTAMP),
(334, 36, 'DANIEL ALOMIA ROBLES', CURRENT_TIMESTAMP),
(335, 36, 'HERMILIO VALDIZAN', CURRENT_TIMESTAMP),
(336, 36, 'JOSE CRESPO Y CASTILLO', CURRENT_TIMESTAMP),
(337, 36, 'LUYANDO 1/', CURRENT_TIMESTAMP),
(338, 36, 'MARIANO DAMASO BERAUN', CURRENT_TIMESTAMP),
(339, 36, 'RUPA-RUPA', CURRENT_TIMESTAMP),
(340, 37, 'CHOLON', CURRENT_TIMESTAMP),
(341, 37, 'HUACRACHUCO', CURRENT_TIMESTAMP),
(342, 37, 'SAN BUENAVENTURA', CURRENT_TIMESTAMP),
(343, 38, 'CHAGLLA', CURRENT_TIMESTAMP),
(344, 38, 'MOLINO', CURRENT_TIMESTAMP),
(345, 38, 'PANAO', CURRENT_TIMESTAMP),
(346, 38, 'UMARI  ', CURRENT_TIMESTAMP),
(347, 39, 'CODO DEL POZUZO', CURRENT_TIMESTAMP),
(348, 39, 'HONORIA', CURRENT_TIMESTAMP),
(349, 39, 'PUERTO INCA', CURRENT_TIMESTAMP),
(350, 39, 'TOURNAVISTA', CURRENT_TIMESTAMP),
(351, 39, 'YUYAPICHIS', CURRENT_TIMESTAMP),
(352, 40, 'APARICIO POMARES', CURRENT_TIMESTAMP),
(353, 40, 'CAHUAC', CURRENT_TIMESTAMP),
(354, 40, 'CHACABAMBA', CURRENT_TIMESTAMP),
(355, 40, 'CHAVINILLO', CURRENT_TIMESTAMP),
(356, 40, 'CHORAS', CURRENT_TIMESTAMP),
(357, 40, 'JACAS CHICO', CURRENT_TIMESTAMP),
(358, 40, 'OBAS', CURRENT_TIMESTAMP),
(359, 40, 'PAMPAMARCA', CURRENT_TIMESTAMP),
(360, 41, 'ALTO LARAN', CURRENT_TIMESTAMP),
(361, 41, 'CHAVIN', CURRENT_TIMESTAMP),
(362, 41, 'CHINCHA ALTA', CURRENT_TIMESTAMP),
(363, 41, 'CHINCHA BAJA', CURRENT_TIMESTAMP),
(364, 41, 'EL CARMEN', CURRENT_TIMESTAMP),
(365, 41, 'GROCIO PRADO', CURRENT_TIMESTAMP),
(366, 41, 'PUEBLO NUEVO', CURRENT_TIMESTAMP),
(367, 41, 'SAN JUAN DE YANAC', CURRENT_TIMESTAMP),
(368, 41, 'SAN PEDRO DE HUACARPANA', CURRENT_TIMESTAMP),
(369, 41, 'SUNAMPE', CURRENT_TIMESTAMP),
(370, 41, 'TAMBO DE MORA', CURRENT_TIMESTAMP),
(371, 42, 'ICA', CURRENT_TIMESTAMP),
(372, 42, 'LA TINGUIÑA', CURRENT_TIMESTAMP),
(373, 42, 'LOS AQUIJES', CURRENT_TIMESTAMP),
(374, 42, 'OCUCAJE', CURRENT_TIMESTAMP),
(375, 42, 'PACHACUTEC', CURRENT_TIMESTAMP),
(376, 42, 'PARCONA', CURRENT_TIMESTAMP),
(377, 42, 'PUEBLO NUEVO', CURRENT_TIMESTAMP),
(378, 42, 'SALAS', CURRENT_TIMESTAMP),
(379, 42, 'SAN JOSE DE LOS MOLINOS', CURRENT_TIMESTAMP),
(380, 42, 'SAN JUAN BAUTISTA', CURRENT_TIMESTAMP),
(381, 42, 'SANTIAGO', CURRENT_TIMESTAMP),
(382, 42, 'SUBTANJALLA', CURRENT_TIMESTAMP),
(383, 42, 'TATE', CURRENT_TIMESTAMP),
(384, 42, 'YAUCA DEL ROSARIO  1/', CURRENT_TIMESTAMP),
(385, 43, 'CHANGUILLO', CURRENT_TIMESTAMP),
(386, 43, 'EL INGENIO', CURRENT_TIMESTAMP),
(387, 43, 'MARCONA', CURRENT_TIMESTAMP),
(388, 43, 'NAZCA', CURRENT_TIMESTAMP),
(389, 43, 'VISTA ALEGRE', CURRENT_TIMESTAMP),
(390, 44, 'LLIPATA', CURRENT_TIMESTAMP),
(391, 44, 'PALPA', CURRENT_TIMESTAMP),
(392, 44, 'RIO GRANDE', CURRENT_TIMESTAMP),
(393, 44, 'SANTA CRUZ', CURRENT_TIMESTAMP),
(394, 44, 'TIBILLO', CURRENT_TIMESTAMP),
(395, 45, 'HUANCANO', CURRENT_TIMESTAMP),
(396, 45, 'HUMAY', CURRENT_TIMESTAMP),
(397, 45, 'INDEPENDENCIA', CURRENT_TIMESTAMP),
(398, 45, 'PARACAS', CURRENT_TIMESTAMP),
(399, 45, 'PISCO', CURRENT_TIMESTAMP),
(400, 45, 'SAN ANDRES', CURRENT_TIMESTAMP),
(401, 45, 'SAN CLEMENTE', CURRENT_TIMESTAMP),
(402, 45, 'TUPAC AMARU INCA', CURRENT_TIMESTAMP),
(403, 46, 'ASCOPE', CURRENT_TIMESTAMP),
(404, 46, 'CASA GRANDE', CURRENT_TIMESTAMP),
(405, 46, 'CHICAMA', CURRENT_TIMESTAMP),
(406, 46, 'CHOCOPE', CURRENT_TIMESTAMP),
(407, 46, 'MAGDALENA DE CAO', CURRENT_TIMESTAMP),
(408, 46, 'PAIJAN', CURRENT_TIMESTAMP),
(409, 46, 'RAZURI', CURRENT_TIMESTAMP),
(410, 46, 'SANTIAGO DE CAO', CURRENT_TIMESTAMP),
(411, 47, 'BAMBAMARCA', CURRENT_TIMESTAMP),
(412, 47, 'BOLIVAR', CURRENT_TIMESTAMP),
(413, 47, 'CONDORMARCA /1', CURRENT_TIMESTAMP),
(414, 47, 'LONGOTEA', CURRENT_TIMESTAMP),
(415, 47, 'UCHUMARCA', CURRENT_TIMESTAMP),
(416, 47, 'UCUNCHA', CURRENT_TIMESTAMP),
(417, 48, 'CHEPEN', CURRENT_TIMESTAMP),
(418, 48, 'PACANGA', CURRENT_TIMESTAMP),
(419, 48, 'PUEBLO NUEVO', CURRENT_TIMESTAMP),
(420, 49, 'CASCAS', CURRENT_TIMESTAMP),
(421, 49, 'LUCMA', CURRENT_TIMESTAMP),
(422, 49, 'MARMOT   2/', CURRENT_TIMESTAMP),
(423, 49, 'SAYAPULLO', CURRENT_TIMESTAMP),
(424, 50, 'CALAMARCA', CURRENT_TIMESTAMP),
(425, 50, 'CARABAMBA', CURRENT_TIMESTAMP),
(426, 50, 'HUASO', CURRENT_TIMESTAMP),
(427, 50, 'JULCAN', CURRENT_TIMESTAMP),
(428, 51, 'AGALLPAMPA', CURRENT_TIMESTAMP),
(429, 51, 'CHARAT', CURRENT_TIMESTAMP),
(430, 51, 'HUARANCHAL', CURRENT_TIMESTAMP),
(431, 51, 'LA CUESTA', CURRENT_TIMESTAMP),
(432, 51, 'MACHE', CURRENT_TIMESTAMP),
(433, 51, 'OTUZCO', CURRENT_TIMESTAMP),
(434, 51, 'PARANDAY', CURRENT_TIMESTAMP),
(435, 51, 'SALPO', CURRENT_TIMESTAMP),
(436, 51, 'SINSICAP', CURRENT_TIMESTAMP),
(437, 51, 'USQUIL', CURRENT_TIMESTAMP),
(438, 52, 'GUADALUPE', CURRENT_TIMESTAMP),
(439, 52, 'JEQUETEPEQUE', CURRENT_TIMESTAMP),
(440, 52, 'PACASMAYO', CURRENT_TIMESTAMP),
(441, 52, 'SAN JOSE', CURRENT_TIMESTAMP),
(442, 52, 'SAN PEDRO DE LLOC', CURRENT_TIMESTAMP),
(443, 53, 'BULDIBUYO', CURRENT_TIMESTAMP),
(444, 53, 'CHILLIA', CURRENT_TIMESTAMP),
(445, 53, 'HUANCASPATA', CURRENT_TIMESTAMP),
(446, 53, 'HUAYLILLAS', CURRENT_TIMESTAMP),
(447, 53, 'HUAYO', CURRENT_TIMESTAMP),
(448, 53, 'ONGON', CURRENT_TIMESTAMP),
(449, 53, 'PARCOY', CURRENT_TIMESTAMP),
(450, 53, 'PATAZ', CURRENT_TIMESTAMP),
(451, 53, 'PIAS', CURRENT_TIMESTAMP),
(452, 53, 'SANTIAGO DE CHALLAS', CURRENT_TIMESTAMP),
(453, 53, 'TAURIJA', CURRENT_TIMESTAMP),
(454, 53, 'TAYABAMBA', CURRENT_TIMESTAMP),
(455, 53, 'URPAY', CURRENT_TIMESTAMP),
(456, 54, 'CHUGAY', CURRENT_TIMESTAMP),
(457, 54, 'COCHORCO', CURRENT_TIMESTAMP),
(458, 54, 'CURGOS', CURRENT_TIMESTAMP),
(459, 54, 'HUAMACHUCO', CURRENT_TIMESTAMP),
(460, 54, 'MARCABAL', CURRENT_TIMESTAMP),
(461, 54, 'SANAGORAN', CURRENT_TIMESTAMP),
(462, 54, 'SARIN', CURRENT_TIMESTAMP),
(463, 54, 'SARTIMBAMBA', CURRENT_TIMESTAMP),
(464, 55, 'ANGASMARCA', CURRENT_TIMESTAMP),
(465, 55, 'CACHICADAN', CURRENT_TIMESTAMP),
(466, 55, 'MOLLEBAMBA', CURRENT_TIMESTAMP),
(467, 55, 'MOLLEPATA', CURRENT_TIMESTAMP),
(468, 55, 'QUIRUVILCA', CURRENT_TIMESTAMP),
(469, 55, 'SANTA CRUZ DE CHUCA', CURRENT_TIMESTAMP),
(470, 55, 'SANTIAGO DE CHUCO', CURRENT_TIMESTAMP),
(471, 55, 'SITABAMBA', CURRENT_TIMESTAMP),
(472, 56, 'EL PORVENIR', CURRENT_TIMESTAMP),
(473, 56, 'FLORENCIA DE MORA', CURRENT_TIMESTAMP),
(474, 56, 'HUANCHACO', CURRENT_TIMESTAMP),
(475, 56, 'LA ESPERANZA', CURRENT_TIMESTAMP),
(476, 56, 'LAREDO', CURRENT_TIMESTAMP),
(477, 56, 'MOCHE', CURRENT_TIMESTAMP),
(478, 56, 'POROTO', CURRENT_TIMESTAMP),
(479, 56, 'SALAVERRY', CURRENT_TIMESTAMP),
(480, 56, 'SIMBAL', CURRENT_TIMESTAMP),
(481, 56, 'TRUJILLO', CURRENT_TIMESTAMP),
(482, 56, 'VICTOR LARCO HERRERA', CURRENT_TIMESTAMP),
(483, 57, 'CHAO', CURRENT_TIMESTAMP),
(484, 57, 'GUADALUPITO', CURRENT_TIMESTAMP),
(485, 57, 'VIRU', CURRENT_TIMESTAMP),
(486, 58, 'CAYALTI', CURRENT_TIMESTAMP),
(487, 58, 'CHICLAYO', CURRENT_TIMESTAMP),
(488, 58, 'CHONGOYAPE', CURRENT_TIMESTAMP),
(489, 58, 'ETEN', CURRENT_TIMESTAMP),
(490, 58, 'ETEN PUERTO', CURRENT_TIMESTAMP),
(491, 58, 'JOSE LEONARDO ORTIZ', CURRENT_TIMESTAMP),
(492, 58, 'LA VICTORIA', CURRENT_TIMESTAMP),
(493, 58, 'LAGUNAS   ', CURRENT_TIMESTAMP),
(494, 58, 'MONSEFU', CURRENT_TIMESTAMP),
(495, 58, 'NUEVA ARICA', CURRENT_TIMESTAMP),
(496, 58, 'OYOTUN', CURRENT_TIMESTAMP),
(497, 58, 'PATAPO', CURRENT_TIMESTAMP),
(498, 58, 'PICSI', CURRENT_TIMESTAMP),
(499, 58, 'PIMENTEL', CURRENT_TIMESTAMP),
(500, 58, 'POMALCA', CURRENT_TIMESTAMP),
(501, 58, 'PUCALA', CURRENT_TIMESTAMP),
(502, 58, 'REQUE', CURRENT_TIMESTAMP),
(503, 58, 'SANTA ROSA', CURRENT_TIMESTAMP),
(504, 58, 'SAÑA', CURRENT_TIMESTAMP),
(505, 58, 'TUMAN', CURRENT_TIMESTAMP),
(506, 59, 'CAÑARIS', CURRENT_TIMESTAMP),
(507, 59, 'FERREÑAFE', CURRENT_TIMESTAMP),
(508, 59, 'INCAHUASI', CURRENT_TIMESTAMP),
(509, 59, 'MANUEL ANTONIO MESONES MURO', CURRENT_TIMESTAMP),
(510, 59, 'PITIPO', CURRENT_TIMESTAMP),
(511, 59, 'PUEBLO NUEVO', CURRENT_TIMESTAMP),
(512, 60, 'CHOCHOPE', CURRENT_TIMESTAMP),
(513, 60, 'ILLIMO', CURRENT_TIMESTAMP),
(514, 60, 'JAYANCA', CURRENT_TIMESTAMP),
(515, 60, 'LAMBAYEQUE', CURRENT_TIMESTAMP),
(516, 60, 'MOCHUMI', CURRENT_TIMESTAMP),
(517, 60, 'MORROPE', CURRENT_TIMESTAMP),
(518, 60, 'MOTUPE', CURRENT_TIMESTAMP),
(519, 60, 'OLMOS', CURRENT_TIMESTAMP),
(520, 60, 'PACORA', CURRENT_TIMESTAMP),
(521, 60, 'SALAS', CURRENT_TIMESTAMP),
(522, 60, 'SAN JOSE', CURRENT_TIMESTAMP),
(523, 60, 'TUCUME', CURRENT_TIMESTAMP),
(524, 61, 'BARRANCA', CURRENT_TIMESTAMP),
(525, 61, 'PARAMONGA', CURRENT_TIMESTAMP),
(526, 61, 'PATIVILCA', CURRENT_TIMESTAMP),
(527, 61, 'SUPE', CURRENT_TIMESTAMP),
(528, 61, 'SUPE PUERTO', CURRENT_TIMESTAMP),
(529, 62, 'CAJATAMBO', CURRENT_TIMESTAMP),
(530, 62, 'COPA', CURRENT_TIMESTAMP),
(531, 62, 'GORGOR', CURRENT_TIMESTAMP),
(532, 62, 'HUANCAPON', CURRENT_TIMESTAMP),
(533, 62, 'MANAS', CURRENT_TIMESTAMP),
(534, 63, 'ARAHUAY', CURRENT_TIMESTAMP),
(535, 63, 'CANTA', CURRENT_TIMESTAMP),
(536, 63, 'HUAMANTANGA', CURRENT_TIMESTAMP),
(537, 63, 'HUAROS', CURRENT_TIMESTAMP),
(538, 63, 'LACHAQUI', CURRENT_TIMESTAMP),
(539, 63, 'SAN BUENAVENTURA', CURRENT_TIMESTAMP),
(540, 63, 'SANTA ROSA DE QUIVES', CURRENT_TIMESTAMP),
(541, 64, 'ASIA', CURRENT_TIMESTAMP),
(542, 64, 'CALANGO', CURRENT_TIMESTAMP),
(543, 64, 'CERRO AZUL', CURRENT_TIMESTAMP),
(544, 64, 'CHILCA', CURRENT_TIMESTAMP),
(545, 64, 'COAYLLO', CURRENT_TIMESTAMP),
(546, 64, 'IMPERIAL', CURRENT_TIMESTAMP),
(547, 64, 'LUNAHUANA', CURRENT_TIMESTAMP),
(548, 64, 'MALA', CURRENT_TIMESTAMP),
(549, 64, 'NUEVO IMPERIAL', CURRENT_TIMESTAMP),
(550, 64, 'PACARAN', CURRENT_TIMESTAMP),
(551, 64, 'QUILMANA', CURRENT_TIMESTAMP),
(552, 64, 'SAN ANTONIO', CURRENT_TIMESTAMP),
(553, 64, 'SAN LUIS', CURRENT_TIMESTAMP),
(554, 64, 'SAN VICENTE DE CAÑETE', CURRENT_TIMESTAMP),
(555, 64, 'SANTA CRUZ DE FLORES', CURRENT_TIMESTAMP),
(556, 64, 'ZUÑIGA', CURRENT_TIMESTAMP),
(557, 65, 'ATAVILLOS ALTO', CURRENT_TIMESTAMP),
(558, 65, 'ATAVILLOS BAJO', CURRENT_TIMESTAMP),
(559, 65, 'AUCALLAMA', CURRENT_TIMESTAMP),
(560, 65, 'CHANCAY', CURRENT_TIMESTAMP),
(561, 65, 'HUARAL', CURRENT_TIMESTAMP),
(562, 65, 'IHUARI', CURRENT_TIMESTAMP),
(563, 65, 'LAMPIAN', CURRENT_TIMESTAMP),
(564, 65, 'PACARAOS', CURRENT_TIMESTAMP),
(565, 65, 'SAN MIGUEL DE ACOS', CURRENT_TIMESTAMP),
(566, 65, 'SANTA CRUZ DE ANDAMARCA', CURRENT_TIMESTAMP),
(567, 65, 'SUMBILCA', CURRENT_TIMESTAMP),
(568, 65, 'VEINTISIETE DE NOVIEMBRE', CURRENT_TIMESTAMP),
(569, 66, 'ANTIOQUIA', CURRENT_TIMESTAMP),
(570, 66, 'CALLAHUANCA', CURRENT_TIMESTAMP),
(571, 66, 'CARAMPOMA', CURRENT_TIMESTAMP),
(572, 66, 'CHICLA', CURRENT_TIMESTAMP),
(573, 66, 'CUENCA', CURRENT_TIMESTAMP),
(574, 66, 'HUACHUPAMPA', CURRENT_TIMESTAMP),
(575, 66, 'HUANZA', CURRENT_TIMESTAMP),
(576, 66, 'HUAROCHIRI', CURRENT_TIMESTAMP),
(577, 66, 'LAHUAYTAMBO', CURRENT_TIMESTAMP),
(578, 66, 'LANGA', CURRENT_TIMESTAMP),
(579, 66, 'LARAOS', CURRENT_TIMESTAMP),
(580, 66, 'MARIATANA', CURRENT_TIMESTAMP),
(581, 66, 'MATUCANA', CURRENT_TIMESTAMP),
(582, 66, 'RICARDO PALMA', CURRENT_TIMESTAMP),
(583, 66, 'SAN ANDRES DE TUPICOCHA', CURRENT_TIMESTAMP),
(584, 66, 'SAN ANTONIO', CURRENT_TIMESTAMP),
(585, 66, 'SAN BARTOLOME', CURRENT_TIMESTAMP),
(586, 66, 'SAN DAMIAN', CURRENT_TIMESTAMP),
(587, 66, 'SAN JUAN DE IRIS', CURRENT_TIMESTAMP),
(588, 66, 'SAN JUAN DE TANTARANCHE', CURRENT_TIMESTAMP),
(589, 66, 'SAN LORENZO DE QUINTI', CURRENT_TIMESTAMP),
(590, 66, 'SAN MATEO', CURRENT_TIMESTAMP),
(591, 66, 'SAN MATEO DE OTAO', CURRENT_TIMESTAMP),
(592, 66, 'SAN PEDRO DE CASTA', CURRENT_TIMESTAMP),
(593, 66, 'SAN PEDRO DE HUANCAYRE', CURRENT_TIMESTAMP),
(594, 66, 'SANGALLAYA', CURRENT_TIMESTAMP),
(595, 66, 'SANTA CRUZ DE COCACHACRA', CURRENT_TIMESTAMP),
(596, 66, 'SANTA EULALIA', CURRENT_TIMESTAMP),
(597, 66, 'SANTIAGO DE ANCHUCAYA', CURRENT_TIMESTAMP),
(598, 66, 'SANTIAGO DE TUNA', CURRENT_TIMESTAMP),
(599, 66, 'SANTO DOMINGO DE LOS OLLEROS', CURRENT_TIMESTAMP),
(600, 66, 'SURCO', CURRENT_TIMESTAMP),
(601, 67, 'AMBAR', CURRENT_TIMESTAMP),
(602, 67, 'CALETA DE CARQUIN', CURRENT_TIMESTAMP),
(603, 67, 'CHECRAS', CURRENT_TIMESTAMP),
(604, 67, 'HUACHO', CURRENT_TIMESTAMP),
(605, 67, 'HUALMAY', CURRENT_TIMESTAMP),
(606, 67, 'HUAURA', CURRENT_TIMESTAMP),
(607, 67, 'LEONCIO PRADO', CURRENT_TIMESTAMP),
(608, 67, 'PACCHO', CURRENT_TIMESTAMP),
(609, 67, 'SANTA LEONOR', CURRENT_TIMESTAMP),
(610, 67, 'SANTA MARIA', CURRENT_TIMESTAMP),
(611, 67, 'SAYAN', CURRENT_TIMESTAMP),
(612, 67, 'VEGUETA', CURRENT_TIMESTAMP),
(613, 68, 'ANCON', CURRENT_TIMESTAMP),
(614, 68, 'ATE', CURRENT_TIMESTAMP),
(615, 68, 'BARRANCO', CURRENT_TIMESTAMP),
(616, 68, 'BREÑA', CURRENT_TIMESTAMP),
(617, 68, 'CARABAYLLO', CURRENT_TIMESTAMP),
(618, 68, 'CHACLACAYO', CURRENT_TIMESTAMP),
(619, 68, 'CHORRILLOS', CURRENT_TIMESTAMP),
(620, 68, 'CIENEGUILLA', CURRENT_TIMESTAMP),
(621, 68, 'COMAS', CURRENT_TIMESTAMP),
(622, 68, 'EL AGUSTINO', CURRENT_TIMESTAMP),
(623, 68, 'INDEPENDENCIA', CURRENT_TIMESTAMP),
(624, 68, 'JESUS MARIA', CURRENT_TIMESTAMP),
(625, 68, 'LA MOLINA', CURRENT_TIMESTAMP),
(626, 68, 'LA VICTORIA', CURRENT_TIMESTAMP),
(627, 68, 'LIMA', CURRENT_TIMESTAMP),
(628, 68, 'LINCE', CURRENT_TIMESTAMP),
(629, 68, 'LOS OLIVOS', CURRENT_TIMESTAMP),
(630, 68, 'LURIGANCHO', CURRENT_TIMESTAMP),
(631, 68, 'LURIN', CURRENT_TIMESTAMP),
(632, 68, 'MAGDALENA DEL MAR', CURRENT_TIMESTAMP),
(633, 68, 'MIRAFLORES', CURRENT_TIMESTAMP),
(634, 68, 'PACHACAMAC', CURRENT_TIMESTAMP),
(635, 68, 'PUCUSANA', CURRENT_TIMESTAMP),
(636, 68, 'PUEBLO LIBRE', CURRENT_TIMESTAMP),
(637, 68, 'PUENTE PIEDRA', CURRENT_TIMESTAMP),
(638, 68, 'PUNTA HERMOSA', CURRENT_TIMESTAMP),
(639, 68, 'PUNTA NEGRA', CURRENT_TIMESTAMP),
(640, 68, 'RIMAC', CURRENT_TIMESTAMP),
(641, 68, 'SAN BARTOLO', CURRENT_TIMESTAMP),
(642, 68, 'SAN BORJA', CURRENT_TIMESTAMP),
(643, 68, 'SAN ISIDRO', CURRENT_TIMESTAMP),
(644, 68, 'SAN JUAN DE LURIGANCHO', CURRENT_TIMESTAMP),
(645, 68, 'SAN JUAN DE MIRAFLORES', CURRENT_TIMESTAMP),
(646, 68, 'SAN LUIS', CURRENT_TIMESTAMP),
(647, 68, 'SAN MARTIN DE PORRES', CURRENT_TIMESTAMP),
(648, 68, 'SAN MIGUEL', CURRENT_TIMESTAMP),
(649, 68, 'SANTA ANITA', CURRENT_TIMESTAMP),
(650, 68, 'SANTA MARIA DEL MAR', CURRENT_TIMESTAMP),
(651, 68, 'SANTA ROSA', CURRENT_TIMESTAMP),
(652, 68, 'SANTIAGO DE SURCO', CURRENT_TIMESTAMP),
(653, 68, 'SURQUILLO', CURRENT_TIMESTAMP),
(654, 68, 'VILLA EL SALVADOR', CURRENT_TIMESTAMP),
(655, 68, 'VILLA MARIA DEL TRIUNFO', CURRENT_TIMESTAMP),
(656, 69, 'ANDAJES', CURRENT_TIMESTAMP),
(657, 69, 'CAUJUL', CURRENT_TIMESTAMP),
(658, 69, 'COCHAMARCA', CURRENT_TIMESTAMP),
(659, 69, 'NAVAN', CURRENT_TIMESTAMP),
(660, 69, 'OYON', CURRENT_TIMESTAMP),
(661, 69, 'PACHANGARA', CURRENT_TIMESTAMP),
(662, 70, 'ALIS', CURRENT_TIMESTAMP),
(663, 70, 'AYAUCA', CURRENT_TIMESTAMP),
(664, 70, 'AYAVIRI', CURRENT_TIMESTAMP),
(665, 70, 'AZANGARO', CURRENT_TIMESTAMP),
(666, 70, 'CACRA', CURRENT_TIMESTAMP),
(667, 70, 'CARANIA', CURRENT_TIMESTAMP),
(668, 70, 'CATAHUASI', CURRENT_TIMESTAMP),
(669, 70, 'CHOCOS', CURRENT_TIMESTAMP),
(670, 70, 'COCHAS', CURRENT_TIMESTAMP),
(671, 70, 'COLONIA', CURRENT_TIMESTAMP),
(672, 70, 'HONGOS', CURRENT_TIMESTAMP),
(673, 70, 'HUAMPARA', CURRENT_TIMESTAMP),
(674, 70, 'HUANCAYA', CURRENT_TIMESTAMP),
(675, 70, 'HUANGASCAR', CURRENT_TIMESTAMP),
(676, 70, 'HUANTAN', CURRENT_TIMESTAMP),
(677, 70, 'HUAÑEC', CURRENT_TIMESTAMP),
(678, 70, 'LARAOS', CURRENT_TIMESTAMP),
(679, 70, 'LINCHA', CURRENT_TIMESTAMP),
(680, 70, 'MADEAN', CURRENT_TIMESTAMP),
(681, 70, 'MIRAFLORES', CURRENT_TIMESTAMP),
(682, 70, 'OMAS', CURRENT_TIMESTAMP),
(683, 70, 'PUTINZA', CURRENT_TIMESTAMP),
(684, 70, 'QUINCHES', CURRENT_TIMESTAMP),
(685, 70, 'QUINOCAY', CURRENT_TIMESTAMP),
(686, 70, 'SAN JOAQUIN', CURRENT_TIMESTAMP),
(687, 70, 'SAN PEDRO DE PILAS', CURRENT_TIMESTAMP),
(688, 70, 'TANTA', CURRENT_TIMESTAMP),
(689, 70, 'TAURIPAMPA', CURRENT_TIMESTAMP),
(690, 70, 'TOMAS', CURRENT_TIMESTAMP),
(691, 70, 'TUPE', CURRENT_TIMESTAMP),
(692, 70, 'VIÑAC', CURRENT_TIMESTAMP),
(693, 70, 'VITIS', CURRENT_TIMESTAMP),
(694, 70, 'YAUYOS', CURRENT_TIMESTAMP),
(695, 71, 'CHOJATA', CURRENT_TIMESTAMP),
(696, 71, 'COALAQUE', CURRENT_TIMESTAMP),
(697, 71, 'ICHUÑA', CURRENT_TIMESTAMP),
(698, 71, 'LA CAPILLA', CURRENT_TIMESTAMP),
(699, 71, 'LLOQUE', CURRENT_TIMESTAMP),
(700, 71, 'MATALAQUE', CURRENT_TIMESTAMP),
(701, 71, 'OMATE', CURRENT_TIMESTAMP),
(702, 71, 'PUQUINA', CURRENT_TIMESTAMP),
(703, 71, 'QUINISTAQUILLAS', CURRENT_TIMESTAMP),
(704, 71, 'UBINAS', CURRENT_TIMESTAMP),
(705, 71, 'YUNGA', CURRENT_TIMESTAMP),
(706, 72, 'EL ALGARROBAL', CURRENT_TIMESTAMP),
(707, 72, 'ILO', CURRENT_TIMESTAMP),
(708, 72, 'PACOCHA', CURRENT_TIMESTAMP),
(709, 73, 'CARUMAS', CURRENT_TIMESTAMP),
(710, 73, 'CUCHUMBAYA', CURRENT_TIMESTAMP),
(711, 73, 'MOQUEGUA', CURRENT_TIMESTAMP),
(712, 73, 'SAMEGUA', CURRENT_TIMESTAMP),
(713, 73, 'SAN CRISTOBAL', CURRENT_TIMESTAMP),
(714, 73, 'TORATA', CURRENT_TIMESTAMP),
(715, 74, 'AYABACA', CURRENT_TIMESTAMP),
(716, 74, 'FRIAS', CURRENT_TIMESTAMP),
(717, 74, 'JILILI', CURRENT_TIMESTAMP),
(718, 74, 'LAGUNAS', CURRENT_TIMESTAMP),
(719, 74, 'MONTERO', CURRENT_TIMESTAMP),
(720, 74, 'PACAIPAMPA', CURRENT_TIMESTAMP),
(721, 74, 'PAIMAS', CURRENT_TIMESTAMP),
(722, 74, 'SAPILLICA', CURRENT_TIMESTAMP),
(723, 74, 'SICCHEZ', CURRENT_TIMESTAMP),
(724, 74, 'SUYO', CURRENT_TIMESTAMP),
(725, 75, 'CANCHAQUE', CURRENT_TIMESTAMP),
(726, 75, 'EL CARMEN DE LA FRONTERA', CURRENT_TIMESTAMP),
(727, 75, 'HUANCABAMBA', CURRENT_TIMESTAMP),
(728, 75, 'HUARMACA', CURRENT_TIMESTAMP),
(729, 75, 'LALAQUIZ', CURRENT_TIMESTAMP),
(730, 75, 'SAN MIGUEL DE EL FAIQUE', CURRENT_TIMESTAMP),
(731, 75, 'SONDOR', CURRENT_TIMESTAMP),
(732, 75, 'SONDORILLO', CURRENT_TIMESTAMP),
(733, 76, 'BUENOS AIRES', CURRENT_TIMESTAMP),
(734, 76, 'CHALACO', CURRENT_TIMESTAMP),
(735, 76, 'CHULUCANAS', CURRENT_TIMESTAMP),
(736, 76, 'LA MATANZA', CURRENT_TIMESTAMP),
(737, 76, 'MORROPON', CURRENT_TIMESTAMP),
(738, 76, 'SALITRAL', CURRENT_TIMESTAMP),
(739, 76, 'SAN JUAN DE BIGOTE', CURRENT_TIMESTAMP),
(740, 76, 'SANTA CATALINA DE MOSSA', CURRENT_TIMESTAMP),
(741, 76, 'SANTO DOMINGO', CURRENT_TIMESTAMP),
(742, 76, 'YAMANGO', CURRENT_TIMESTAMP),
(743, 77, 'AMOTAPE', CURRENT_TIMESTAMP),
(744, 77, 'ARENAL', CURRENT_TIMESTAMP),
(745, 77, 'COLAN', CURRENT_TIMESTAMP),
(746, 77, 'LA HUACA', CURRENT_TIMESTAMP),
(747, 77, 'PAITA', CURRENT_TIMESTAMP),
(748, 77, 'TAMARINDO', CURRENT_TIMESTAMP),
(749, 77, 'VICHAYAL', CURRENT_TIMESTAMP),
(750, 78, 'CASTILLA', CURRENT_TIMESTAMP),
(751, 78, 'CATACAOS', CURRENT_TIMESTAMP),
(752, 78, 'CURA MORI', CURRENT_TIMESTAMP),
(753, 78, 'EL TALLAN', CURRENT_TIMESTAMP),
(754, 78, 'LA ARENA', CURRENT_TIMESTAMP),
(755, 78, 'LA UNION', CURRENT_TIMESTAMP),
(756, 78, 'LAS LOMAS', CURRENT_TIMESTAMP),
(757, 78, 'PIURA', CURRENT_TIMESTAMP),
(758, 78, 'TAMBO GRANDE', CURRENT_TIMESTAMP),
(759, 79, 'BELLAVISTA DE LA UNION', CURRENT_TIMESTAMP),
(760, 79, 'BERNAL', CURRENT_TIMESTAMP),
(761, 79, 'CRISTO NOS VALGA', CURRENT_TIMESTAMP),
(762, 79, 'RINCONADA LLICUAR', CURRENT_TIMESTAMP),
(763, 79, 'SECHURA', CURRENT_TIMESTAMP),
(764, 79, 'VICE', CURRENT_TIMESTAMP),
(765, 80, 'BELLAVISTA', CURRENT_TIMESTAMP),
(766, 80, 'IGNACIO ESCUDERO', CURRENT_TIMESTAMP),
(767, 80, 'LANCONES', CURRENT_TIMESTAMP),
(768, 80, 'MARCAVELICA', CURRENT_TIMESTAMP),
(769, 80, 'MIGUEL CHECA', CURRENT_TIMESTAMP),
(770, 80, 'QUERECOTILLO', CURRENT_TIMESTAMP),
(771, 80, 'SALITRAL', CURRENT_TIMESTAMP),
(772, 80, 'SULLANA', CURRENT_TIMESTAMP),
(773, 81, 'EL ALTO', CURRENT_TIMESTAMP),
(774, 81, 'LA BREA', CURRENT_TIMESTAMP),
(775, 81, 'LOBITOS', CURRENT_TIMESTAMP),
(776, 81, 'LOS ORGANOS', CURRENT_TIMESTAMP),
(777, 81, 'MANCORA', CURRENT_TIMESTAMP),
(778, 81, 'PARIÑAS', CURRENT_TIMESTAMP),
(779, 82, 'ACHAYA', CURRENT_TIMESTAMP),
(780, 82, 'ARAPA', CURRENT_TIMESTAMP),
(781, 82, 'ASILLO', CURRENT_TIMESTAMP),
(782, 82, 'AZANGARO', CURRENT_TIMESTAMP),
(783, 82, 'CAMINACA', CURRENT_TIMESTAMP),
(784, 82, 'CHUPA', CURRENT_TIMESTAMP),
(785, 82, 'JOSE DOMINGO CHOQUEHUANCA', CURRENT_TIMESTAMP),
(786, 82, 'MUÑANI', CURRENT_TIMESTAMP),
(787, 82, 'POTONI', CURRENT_TIMESTAMP),
(788, 82, 'SAMAN', CURRENT_TIMESTAMP),
(789, 82, 'SAN ANTON', CURRENT_TIMESTAMP),
(790, 82, 'SAN JOSE', CURRENT_TIMESTAMP),
(791, 82, 'SAN JUAN DE SALINAS', CURRENT_TIMESTAMP),
(792, 82, 'SANTIAGO DE PUPUJA', CURRENT_TIMESTAMP),
(793, 82, 'TIRAPATA', CURRENT_TIMESTAMP),
(794, 83, 'AJOYANI', CURRENT_TIMESTAMP),
(795, 83, 'AYAPATA', CURRENT_TIMESTAMP),
(796, 83, 'COASA', CURRENT_TIMESTAMP),
(797, 83, 'CORANI', CURRENT_TIMESTAMP),
(798, 83, 'CRUCERO', CURRENT_TIMESTAMP),
(799, 83, 'ITUATA   2/', CURRENT_TIMESTAMP),
(800, 83, 'MACUSANI', CURRENT_TIMESTAMP),
(801, 83, 'OLLACHEA', CURRENT_TIMESTAMP),
(802, 83, 'SAN GABAN', CURRENT_TIMESTAMP),
(803, 83, 'USICAYOS', CURRENT_TIMESTAMP),
(804, 84, 'DESAGUADERO', CURRENT_TIMESTAMP),
(805, 84, 'HUACULLANI', CURRENT_TIMESTAMP),
(806, 84, 'JULI', CURRENT_TIMESTAMP),
(807, 84, 'KELLUYO', CURRENT_TIMESTAMP),
(808, 84, 'PISACOMA', CURRENT_TIMESTAMP),
(809, 84, 'POMATA', CURRENT_TIMESTAMP),
(810, 84, 'ZEPITA', CURRENT_TIMESTAMP),
(811, 85, 'CAPAZO', CURRENT_TIMESTAMP),
(812, 85, 'CONDURIRI', CURRENT_TIMESTAMP),
(813, 85, 'ILAVE', CURRENT_TIMESTAMP),
(814, 85, 'PILCUYO', CURRENT_TIMESTAMP),
(815, 85, 'SANTA ROSA', CURRENT_TIMESTAMP),
(816, 86, 'COJATA', CURRENT_TIMESTAMP),
(817, 86, 'HUANCANE', CURRENT_TIMESTAMP),
(818, 86, 'HUATASANI', CURRENT_TIMESTAMP),
(819, 86, 'INCHUPALLA', CURRENT_TIMESTAMP),
(820, 86, 'PUSI', CURRENT_TIMESTAMP),
(821, 86, 'ROSASPATA', CURRENT_TIMESTAMP),
(822, 86, 'TARACO', CURRENT_TIMESTAMP),
(823, 86, 'VILQUE CHICO', CURRENT_TIMESTAMP),
(824, 87, 'CABANILLA', CURRENT_TIMESTAMP),
(825, 87, 'CALAPUJA', CURRENT_TIMESTAMP),
(826, 87, 'LAMPA', CURRENT_TIMESTAMP),
(827, 87, 'NICASIO', CURRENT_TIMESTAMP),
(828, 87, 'OCUVIRI', CURRENT_TIMESTAMP),
(829, 87, 'PALCA', CURRENT_TIMESTAMP),
(830, 87, 'PARATIA', CURRENT_TIMESTAMP),
(831, 87, 'PUCARA', CURRENT_TIMESTAMP),
(832, 87, 'SANTA LUCIA', CURRENT_TIMESTAMP),
(833, 87, 'VILAVILA', CURRENT_TIMESTAMP),
(834, 88, 'ANTAUTA', CURRENT_TIMESTAMP),
(835, 88, 'AYAVIRI', CURRENT_TIMESTAMP),
(836, 88, 'CUPI', CURRENT_TIMESTAMP),
(837, 88, 'LLALLI', CURRENT_TIMESTAMP),
(838, 88, 'MACARI', CURRENT_TIMESTAMP),
(839, 88, 'NUÑOA', CURRENT_TIMESTAMP),
(840, 88, 'ORURILLO', CURRENT_TIMESTAMP),
(841, 88, 'SANTA ROSA', CURRENT_TIMESTAMP),
(842, 88, 'UMACHIRI', CURRENT_TIMESTAMP),
(843, 89, 'CONIMA', CURRENT_TIMESTAMP),
(844, 89, 'HUAYRAPATA', CURRENT_TIMESTAMP),
(845, 89, 'MOHO', CURRENT_TIMESTAMP),
(846, 89, 'TILALI', CURRENT_TIMESTAMP),
(847, 90, 'ACORA', CURRENT_TIMESTAMP),
(848, 90, 'AMANTANI', CURRENT_TIMESTAMP),
(849, 90, 'ATUNCOLLA', CURRENT_TIMESTAMP),
(850, 90, 'CAPACHICA', CURRENT_TIMESTAMP),
(851, 90, 'CHUCUITO', CURRENT_TIMESTAMP),
(852, 90, 'COATA', CURRENT_TIMESTAMP),
(853, 90, 'HUATA', CURRENT_TIMESTAMP),
(854, 90, 'MAÑAZO', CURRENT_TIMESTAMP),
(855, 90, 'PAUCARCOLLA', CURRENT_TIMESTAMP),
(856, 90, 'PICHACANI', CURRENT_TIMESTAMP),
(857, 90, 'PLATERIA', CURRENT_TIMESTAMP),
(858, 90, 'PUNO', CURRENT_TIMESTAMP),
(859, 90, 'SAN ANTONIO  /1', CURRENT_TIMESTAMP),
(860, 90, 'TIQUILLACA', CURRENT_TIMESTAMP),
(861, 90, 'VILQUE', CURRENT_TIMESTAMP),
(862, 91, 'ANANEA', CURRENT_TIMESTAMP),
(863, 91, 'PEDRO VILCA APAZA', CURRENT_TIMESTAMP),
(864, 91, 'PUTINA', CURRENT_TIMESTAMP),
(865, 91, 'QUILCAPUNCU', CURRENT_TIMESTAMP),
(866, 91, 'SINA', CURRENT_TIMESTAMP),
(867, 92, 'CABANA', CURRENT_TIMESTAMP),
(868, 92, 'CABANILLAS', CURRENT_TIMESTAMP),
(869, 92, 'CARACOTO', CURRENT_TIMESTAMP),
(870, 92, 'JULIACA', CURRENT_TIMESTAMP),
(871, 93, 'ALTO INAMBARI', CURRENT_TIMESTAMP),
(872, 93, 'CUYOCUYO', CURRENT_TIMESTAMP),
(873, 93, 'LIMBANI', CURRENT_TIMESTAMP),
(874, 93, 'PATAMBUCO', CURRENT_TIMESTAMP),
(875, 93, 'PHARA', CURRENT_TIMESTAMP),
(876, 93, 'QUIACA', CURRENT_TIMESTAMP),
(877, 93, 'SAN JUAN DEL ORO', CURRENT_TIMESTAMP),
(878, 93, 'SAN PEDRO DE PUTINA PUNCO', CURRENT_TIMESTAMP),
(879, 93, 'SANDIA', CURRENT_TIMESTAMP),
(880, 93, 'YANAHUAYA', CURRENT_TIMESTAMP),
(881, 94, 'ANAPIA', CURRENT_TIMESTAMP),
(882, 94, 'COPANI', CURRENT_TIMESTAMP),
(883, 94, 'CUTURAPI', CURRENT_TIMESTAMP),
(884, 94, 'OLLARAYA', CURRENT_TIMESTAMP),
(885, 94, 'TINICACHI', CURRENT_TIMESTAMP),
(886, 94, 'UNICACHI', CURRENT_TIMESTAMP),
(887, 94, 'YUNGUYO', CURRENT_TIMESTAMP),
(888, 95, 'CANOAS DE PUNTA SAL', CURRENT_TIMESTAMP),
(889, 95, 'CASITAS', CURRENT_TIMESTAMP),
(890, 95, 'ZORRITOS', CURRENT_TIMESTAMP),
(891, 96, 'CORRALES', CURRENT_TIMESTAMP),
(892, 96, 'LA CRUZ', CURRENT_TIMESTAMP),
(893, 96, 'PAMPAS DE HOSPITAL', CURRENT_TIMESTAMP),
(894, 96, 'SAN JACINTO', CURRENT_TIMESTAMP),
(895, 96, 'SAN JUAN DE LA VIRGEN', CURRENT_TIMESTAMP),
(896, 96, 'TUMBES', CURRENT_TIMESTAMP),
(897, 97, 'AGUAS VERDES', CURRENT_TIMESTAMP),
(898, 97, 'MATAPALO', CURRENT_TIMESTAMP),
(899, 97, 'PAPAYAL', CURRENT_TIMESTAMP),
(900, 97, 'ZARUMILLA', CURRENT_TIMESTAMP)
;
